timestamp,T1,H1,T2,H2,CO2,PM2.5,PM10,Prediction
2025-06-06 03:20:16,22.5,68.5,22.5,68.5,1726.0,448.47,252.96,Fire
2025-06-06 03:20:17,22.5,68.5,22.5,68.5,1726.0,448.47,252.96,Fire
2025-06-06 03:20:19,22.5,68.5,22.5,68.5,1726.0,448.47,252.96,Fire
2025-06-06 03:20:22,22.5,68.5,22.5,68.5,1726.0,448.47,252.96,Fire
2025-06-06 03:20:24,22.5,68.5,22.5,68.5,1726.0,448.47,252.96,Fire
2025-06-06 03:20:26,22.5,68.5,22.5,68.5,1726.0,448.47,252.96,Fire
2025-06-06 03:20:28,22.5,68.5,22.5,68.5,1726.0,112.2,252.96,Fire
2025-06-06 03:20:30,22.5,68.5,22.5,68.5,1726.0,0.0,0.0,Safe
2025-06-06 03:20:32,22.5,68.5,22.5,68.5,1726.0,0.0,270.56,Fire
2025-06-06 03:20:35,22.5,68.5,22.5,68.5,1726.0,252.96,270.56,Fire
2025-06-06 03:20:37,22.5,68.5,22.5,68.5,1726.0,252.96,270.56,Fire
2025-06-06 03:20:39,22.5,68.5,22.5,68.5,1726.0,252.96,270.56,Fire
2025-06-06 03:20:41,22.5,68.5,22.5,68.5,1726.0,252.96,270.56,Fire
2025-06-06 03:20:43,22.5,68.5,22.5,68.5,1726.0,252.96,270.56,Fire
2025-06-06 03:20:45,22.5,68.5,22.5,68.5,1726.0,252.96,270.56,Fire
2025-06-06 03:20:47,22.5,68.5,22.5,68.5,1726.0,252.96,270.56,Fire
2025-06-06 03:20:50,22.5,68.5,22.5,68.5,1726.0,252.96,270.56,Fire
2025-06-06 03:20:52,22.5,68.5,22.5,68.5,1726.0,252.96,270.56,Fire
2025-06-06 03:20:54,22.5,68.5,22.5,68.5,1726.0,252.96,270.56,Fire
2025-06-06 03:20:56,22.5,68.5,22.5,68.5,1726.0,252.96,270.56,Fire
2025-06-06 03:20:58,22.5,68.5,22.5,68.5,1726.0,252.96,270.56,Fire
2025-06-06 03:21:00,22.5,43.5,22.5,68.5,1726.0,252.96,270.56,Fire
2025-06-06 03:21:02,22.5,13.5,22.5,68.5,1726.0,252.96,270.56,Fire
2025-06-06 03:21:04,22.5,23.5,22.5,68.5,1726.0,252.96,270.56,Fire
2025-06-06 03:21:07,22.5,23.5,22.5,68.5,1726.0,252.96,270.56,Fire
2025-06-06 03:21:09,22.5,23.5,22.5,48.5,1726.0,252.96,270.56,Fire
2025-06-06 03:21:11,22.5,23.5,22.5,48.5,1726.0,0.0,270.56,Fire
2025-06-06 03:21:13,22.5,23.5,22.5,48.5,1726.0,0.0,9.56,Safe
2025-06-06 03:21:15,22.5,23.5,22.5,48.5,1726.0,0.0,9.56,Safe
2025-06-06 03:21:17,22.5,23.5,22.5,48.5,1726.0,0.0,9.56,Safe
2025-06-06 03:21:19,22.5,23.5,22.5,48.5,1317.0,0.0,9.56,Safe
2025-06-06 03:21:22,22.5,23.5,22.5,48.5,1317.0,0.0,9.56,Safe
2025-06-06 03:21:25,22.5,23.5,22.5,48.5,1317.0,0.0,9.56,Safe
2025-06-06 03:21:27,22.5,23.5,22.5,48.5,1317.0,0.0,9.56,Safe
2025-06-06 03:21:29,22.5,23.5,22.5,48.5,1317.0,0.0,9.56,Safe
2025-06-06 03:21:31,22.5,23.5,22.5,48.5,1317.0,0.0,9.56,Safe
2025-06-06 03:21:33,22.5,23.5,22.5,48.5,1317.0,0.0,9.56,Safe
2025-06-06 03:21:35,22.5,23.5,22.5,48.5,1317.0,0.0,9.56,Safe
2025-06-06 03:21:37,22.5,23.5,22.5,48.5,1317.0,0.0,9.56,Safe
2025-06-06 03:21:40,22.5,23.5,22.5,48.5,1317.0,0.0,9.56,Safe
2025-06-06 03:21:42,22.5,23.5,22.5,48.5,1317.0,0.0,9.56,Safe
2025-06-06 03:21:44,22.5,23.5,22.5,48.5,1317.0,0.0,9.56,Safe
2025-06-06 03:21:56,22.5,23.5,22.5,48.5,1317.0,0.0,9.56,Safe
2025-06-06 03:21:58,22.5,23.5,22.5,48.5,1317.0,0.0,9.56,Safe
2025-06-06 03:22:00,22.5,23.5,22.5,48.5,1317.0,0.0,9.56,Safe
2025-06-06 03:22:02,22.5,23.5,22.5,48.5,1317.0,0.0,9.56,Safe
2025-06-06 03:22:05,22.5,23.5,22.5,48.5,1317.0,0.0,9.56,Safe
2025-06-06 03:22:07,22.5,23.5,22.5,48.5,1317.0,0.0,9.56,Safe
2025-06-06 03:22:09,22.5,23.5,22.5,48.5,1317.0,0.0,9.56,Safe
2025-06-06 03:22:11,22.5,23.5,22.5,48.5,1317.0,0.0,9.56,Safe
2025-06-06 03:22:13,22.5,23.5,22.5,48.5,1317.0,0.0,9.56,Safe
2025-06-06 03:22:15,22.5,23.5,22.5,48.5,1317.0,0.0,9.56,Safe
2025-06-06 03:22:18,22.5,23.5,22.5,48.5,1317.0,0.0,9.56,Safe
2025-06-06 03:22:20,22.5,23.5,22.5,48.5,1317.0,0.0,9.56,Safe
2025-06-06 03:22:22,22.5,23.5,22.5,48.5,1317.0,0.0,9.56,Safe
2025-06-06 03:22:24,22.5,23.5,22.5,48.5,1317.0,0.0,9.56,Safe
2025-06-06 03:22:26,22.5,23.5,22.5,48.5,1317.0,0.0,9.56,Safe
2025-06-06 03:22:29,22.5,23.5,22.5,48.5,1317.0,0.0,9.56,Safe
2025-06-06 03:22:31,22.5,23.5,22.5,48.5,1317.0,0.0,9.56,Safe
2025-06-06 03:22:33,22.5,23.5,22.5,48.5,1317.0,0.0,9.56,Safe
2025-06-06 03:22:35,22.5,23.5,22.5,48.5,1317.0,0.0,9.56,Safe
2025-06-06 03:22:38,22.5,23.5,22.5,48.5,1317.0,0.0,9.56,Safe
2025-06-06 03:22:40,22.5,23.5,22.5,48.5,1317.0,0.0,9.56,Safe
2025-06-06 03:22:42,22.5,23.5,22.5,48.5,1317.0,0.0,9.56,Safe
2025-06-06 03:22:44,22.5,23.5,22.5,48.5,1317.0,0.0,9.56,Safe
2025-06-06 03:22:46,22.5,23.5,22.5,48.5,1317.0,0.0,9.56,Safe
2025-06-06 03:22:49,22.5,23.5,22.5,48.5,1317.0,0.0,9.56,Safe
2025-06-06 03:22:51,22.5,23.5,22.5,48.5,1317.0,0.0,9.56,Safe
2025-06-06 03:22:53,22.5,23.5,22.5,48.5,1317.0,0.0,9.56,Safe
2025-06-06 03:22:55,22.5,23.5,22.5,48.5,1317.0,0.0,9.56,Safe
2025-06-06 03:22:58,22.5,23.5,22.5,48.5,1317.0,0.0,9.56,Safe
2025-06-06 03:23:00,22.5,23.5,22.5,48.5,1317.0,0.0,9.56,Safe
2025-06-06 03:23:02,22.5,23.5,22.5,48.5,1317.0,0.0,9.56,Safe
2025-06-06 03:23:04,22.5,23.5,22.5,48.5,1317.0,0.0,9.56,Safe
2025-06-06 03:23:06,22.5,23.5,22.5,48.5,1317.0,0.0,9.56,Safe
2025-06-06 03:23:08,22.5,23.5,22.5,48.5,1317.0,0.0,9.56,Safe
2025-06-06 03:23:11,22.5,23.5,22.5,48.5,1317.0,0.0,9.56,Safe
2025-06-06 03:23:13,22.5,23.5,22.5,48.5,1317.0,0.0,9.56,Safe
2025-06-06 03:23:15,22.5,23.5,22.5,48.5,1317.0,0.0,9.56,Safe
2025-06-06 03:23:17,22.5,23.5,22.5,48.5,1317.0,0.0,9.56,Safe
2025-06-06 03:23:19,22.5,23.5,22.5,48.5,1317.0,0.0,9.56,Safe
2025-06-06 03:23:22,22.5,23.5,22.5,48.5,1317.0,0.0,9.56,Safe
2025-06-06 03:23:24,22.5,23.5,22.5,48.5,1317.0,0.0,9.56,Safe
2025-06-06 03:23:26,22.5,23.5,22.5,48.5,1317.0,0.0,9.56,Safe
2025-06-06 03:23:28,22.5,23.5,22.5,48.5,1317.0,0.0,9.56,Safe
2025-06-06 03:23:30,22.5,23.5,22.5,48.5,1317.0,0.0,9.56,Safe
2025-06-06 03:23:33,22.5,23.5,22.5,48.5,1317.0,0.0,9.56,Safe
2025-06-06 03:23:35,22.5,23.5,22.5,48.5,1317.0,0.0,9.56,Safe
2025-06-06 03:23:37,22.5,23.5,22.5,48.5,1317.0,0.0,9.56,Safe
2025-06-06 03:23:39,22.5,23.5,22.5,48.5,1317.0,0.0,9.56,Safe
2025-06-06 03:23:41,22.5,23.5,22.5,48.5,1317.0,0.0,9.56,Safe
2025-06-06 03:23:43,22.5,23.5,22.5,48.5,1317.0,0.0,9.56,Safe
2025-06-06 03:23:45,22.5,23.5,22.5,48.5,1317.0,0.0,9.56,Safe
2025-06-06 03:23:48,22.5,23.5,22.5,48.5,1317.0,0.0,9.56,Safe
2025-06-06 03:23:50,22.5,23.5,22.5,48.5,1317.0,0.0,9.56,Safe
2025-06-06 03:23:52,22.5,23.5,22.5,48.5,1317.0,0.0,9.56,Safe
2025-06-06 03:23:54,22.5,23.5,22.5,48.5,1317.0,0.0,9.56,Safe
2025-06-06 03:23:56,22.5,23.5,22.5,48.5,1317.0,0.0,9.56,Safe
2025-06-06 03:23:58,22.5,23.5,22.5,48.5,1317.0,0.0,9.56,Safe
2025-06-06 03:24:00,22.5,23.5,22.5,48.5,1317.0,0.0,9.56,Safe
2025-06-06 03:24:02,22.5,23.5,22.5,48.5,1317.0,0.0,9.56,Safe
2025-06-06 03:24:05,22.5,23.5,22.5,48.5,1317.0,0.0,9.56,Safe
2025-06-06 03:24:07,22.5,23.5,22.5,48.5,1317.0,0.0,9.56,Safe
2025-06-06 03:24:09,22.5,23.5,22.5,48.5,1317.0,0.0,9.56,Safe
2025-06-06 03:24:11,22.5,23.5,22.5,48.5,1317.0,0.0,9.56,Safe
2025-06-06 03:24:13,22.5,23.5,22.5,48.5,1317.0,0.0,9.56,Safe
2025-06-06 03:24:15,22.5,23.5,22.5,48.5,1317.0,0.0,9.56,Safe
2025-06-06 03:24:17,22.5,23.5,22.5,48.5,1317.0,0.0,9.56,Safe
2025-06-06 03:24:20,22.5,23.5,22.5,48.5,1317.0,0.0,9.56,Safe
2025-06-06 03:24:22,22.5,23.5,22.5,48.5,1317.0,0.0,9.56,Safe
2025-06-06 03:24:24,22.5,23.5,22.5,48.5,1317.0,0.0,9.56,Safe
2025-06-06 03:24:26,22.5,23.5,22.5,48.5,1317.0,0.0,9.56,Safe
2025-06-06 03:24:28,22.5,23.5,22.5,48.5,1317.0,0.0,9.56,Safe
2025-06-06 03:24:30,22.5,23.5,22.5,48.5,1317.0,0.0,9.56,Safe
2025-06-06 03:24:32,22.5,23.5,22.5,48.5,1317.0,0.0,9.56,Safe
2025-06-06 03:24:35,22.5,23.5,22.5,48.5,1317.0,0.0,9.56,Safe
2025-06-06 03:24:37,22.5,23.5,22.5,48.5,1317.0,0.0,9.56,Safe
2025-06-06 03:24:39,22.5,23.5,22.5,48.5,1317.0,0.0,9.56,Safe
2025-06-06 03:24:41,22.5,23.5,22.5,48.5,1317.0,0.0,9.56,Safe
2025-06-06 03:24:43,22.5,23.5,22.5,48.5,1317.0,0.0,9.56,Safe
2025-06-06 03:24:45,22.5,23.5,22.5,48.5,1317.0,0.0,9.56,Safe
2025-06-06 03:24:47,22.5,23.5,22.5,48.5,1317.0,0.0,9.56,Safe
2025-06-06 03:24:50,22.5,23.5,22.5,48.5,1317.0,0.0,9.56,Safe
2025-06-06 03:24:53,22.5,23.5,22.5,48.5,1317.0,0.0,9.56,Safe
2025-06-06 03:24:55,22.5,23.5,22.5,48.5,1317.0,0.0,9.56,Safe
2025-06-06 03:24:57,22.5,23.5,22.5,48.5,1317.0,0.0,9.56,Safe
2025-06-06 03:24:59,22.5,23.5,22.5,48.5,1317.0,0.0,9.56,Safe
2025-06-06 03:25:01,22.5,23.5,22.5,48.5,1317.0,0.0,9.56,Safe
2025-06-06 03:25:03,22.5,23.5,22.5,48.5,1317.0,0.0,9.56,Safe
2025-06-06 03:25:05,22.5,23.5,22.5,48.5,1317.0,0.0,9.56,Safe
2025-06-06 03:25:07,22.5,23.5,22.5,48.5,1317.0,0.0,9.56,Safe
2025-06-06 03:25:10,22.5,23.5,22.5,48.5,1317.0,0.0,9.56,Safe
2025-06-06 03:25:12,22.5,23.5,22.5,48.5,1317.0,0.0,9.56,Safe
2025-06-06 03:25:14,22.5,23.5,22.5,48.5,1317.0,0.0,9.56,Safe
2025-06-06 03:25:16,22.5,23.5,22.5,48.5,1317.0,0.0,9.56,Safe
2025-06-06 03:25:18,22.5,23.5,22.5,48.5,1317.0,0.0,9.56,Safe
2025-06-06 03:25:20,22.5,23.5,22.5,48.5,1317.0,0.0,9.56,Safe
2025-06-06 03:25:22,22.5,23.5,22.5,48.5,1317.0,0.0,9.56,Safe
2025-06-06 03:25:25,22.5,23.5,22.5,48.5,1317.0,0.0,9.56,Safe
2025-06-06 03:25:27,22.5,23.5,22.5,48.5,1317.0,0.0,9.56,Safe
2025-06-06 03:25:29,22.5,23.5,22.5,48.5,1317.0,0.0,9.56,Safe
2025-06-06 03:25:31,22.5,23.5,22.5,48.5,1317.0,0.0,9.56,Safe
2025-06-06 03:25:33,22.5,23.5,22.5,48.5,1317.0,0.0,9.56,Safe
2025-06-06 03:25:35,22.5,23.5,22.5,48.5,1317.0,0.0,9.56,Safe
2025-06-06 03:25:37,22.5,23.5,22.5,48.5,1317.0,0.0,9.56,Safe
2025-06-06 03:25:39,22.5,23.5,22.5,48.5,1317.0,0.0,9.56,Safe
2025-06-06 03:25:42,22.5,23.5,22.5,48.5,1317.0,0.0,9.56,Safe
2025-06-06 03:25:44,22.5,23.5,22.5,48.5,1317.0,0.0,9.56,Safe
2025-06-06 03:25:46,22.5,23.5,22.5,48.5,1317.0,0.0,9.56,Safe
2025-06-06 03:25:48,22.5,23.5,22.5,48.5,1317.0,0.0,9.56,Safe
2025-06-06 03:25:50,22.5,23.5,22.5,48.5,1317.0,0.0,9.56,Safe
2025-06-06 03:25:52,22.5,23.5,22.5,48.5,1317.0,0.0,9.56,Safe
2025-06-06 03:25:54,22.5,23.5,22.5,48.5,1317.0,0.0,9.56,Safe
2025-06-06 03:25:56,22.5,23.5,22.5,48.5,1317.0,0.0,9.56,Safe
2025-06-06 03:25:59,22.5,23.5,22.5,48.5,1317.0,0.0,9.56,Safe
2025-06-06 03:26:01,22.5,23.5,22.5,48.5,1317.0,0.0,9.56,Safe
2025-06-06 03:26:03,22.5,23.5,22.5,48.5,1317.0,0.0,9.56,Safe
2025-06-06 03:26:05,22.5,23.5,22.5,48.5,1317.0,0.0,9.56,Safe
2025-06-06 03:26:07,22.5,23.5,22.5,48.5,1317.0,0.0,9.56,Safe
2025-06-06 03:26:09,22.5,23.5,22.5,48.5,1317.0,0.0,9.56,Safe
2025-06-06 03:26:11,22.5,23.5,22.5,48.5,1317.0,0.0,9.56,Safe
2025-06-06 03:26:13,22.5,23.5,22.5,48.5,1317.0,0.0,9.56,Safe
2025-06-06 03:26:16,22.5,23.5,22.5,48.5,1317.0,0.0,9.56,Safe
2025-06-06 03:26:18,22.5,23.5,22.5,48.5,1317.0,0.0,9.56,Safe
2025-06-06 03:26:35,22.5,23.5,22.5,48.5,1317.0,0.0,9.56,Safe
2025-06-06 03:26:37,22.5,23.5,22.5,48.5,1011.0,260.78,209.95,Fire
2025-06-06 03:26:39,22.5,23.5,22.5,48.5,1011.0,260.78,209.95,Fire
2025-06-06 03:26:41,22.5,23.5,22.5,48.5,1218.0,260.78,209.95,Fire
2025-06-06 03:26:43,22.5,23.5,22.5,48.5,1218.0,94.6,209.95,Fire
2025-06-06 03:26:45,22.5,23.5,22.5,48.5,1218.0,94.6,27.16,Safe
2025-06-06 03:26:48,22.5,23.5,22.5,48.5,1218.0,94.6,27.16,Safe
2025-06-06 03:26:50,22.5,8.5,22.5,48.5,1218.0,94.6,27.16,Safe
2025-06-06 03:26:52,22.5,8.5,22.5,48.5,1218.0,94.6,27.16,Safe
2025-06-06 03:26:54,22.5,8.5,22.5,33.5,1218.0,94.6,27.16,Safe
2025-06-06 03:26:56,22.5,8.5,22.5,33.5,1218.0,94.6,27.16,Safe
2025-06-06 03:26:58,22.5,8.5,22.5,33.5,1218.0,94.6,27.16,Safe
2025-06-06 03:27:00,22.5,8.5,22.5,33.5,1218.0,94.6,27.16,Safe
2025-06-06 03:27:03,22.5,8.5,22.5,33.5,1218.0,94.6,27.16,Safe
2025-06-06 03:27:05,7.5,8.5,22.5,33.5,1218.0,94.6,27.16,Safe
2025-06-06 03:27:07,7.5,8.5,22.5,33.5,1218.0,94.6,27.16,Safe
2025-06-06 03:27:09,7.5,8.5,7.5,33.5,1218.0,94.6,27.16,Safe
2025-06-06 03:27:11,7.5,8.5,7.5,33.5,1218.0,94.6,27.16,Safe
2025-06-06 03:27:14,7.5,8.5,12.5,33.5,1218.0,94.6,27.16,Safe
2025-06-06 03:27:16,17.5,8.5,17.5,33.5,1218.0,94.6,27.16,Safe
2025-06-06 03:27:18,17.5,8.5,17.5,33.5,1218.0,94.6,27.16,Safe
2025-06-06 03:27:20,37.5,8.5,17.5,33.5,1218.0,94.6,27.16,Safe
2025-06-06 03:27:22,37.5,8.5,47.5,33.5,1218.0,94.6,27.16,Fire
2025-06-06 03:27:24,37.5,8.5,47.5,33.5,1218.0,94.6,27.16,Fire
2025-06-06 03:27:26,37.5,8.5,47.5,33.5,1218.0,94.6,27.16,Fire
2025-06-06 03:27:28,37.5,8.5,47.5,33.5,1218.0,94.6,27.16,Fire
2025-06-06 03:27:31,37.5,8.5,47.5,33.5,1218.0,94.6,27.16,Fire
2025-06-06 03:27:33,37.5,8.5,47.5,33.5,1218.0,94.6,27.16,Fire
2025-06-06 03:27:35,37.5,8.5,47.5,33.5,1218.0,94.6,27.16,Fire
2025-06-06 03:27:37,37.5,8.5,47.5,33.5,1218.0,94.6,27.16,Fire
2025-06-06 03:27:39,37.5,8.5,47.5,33.5,1218.0,94.6,27.16,Fire
2025-06-06 03:27:41,37.5,8.5,47.5,33.5,1218.0,94.6,27.16,Fire
2025-06-06 03:27:43,37.5,8.5,47.5,33.5,1218.0,94.6,27.16,Fire
2025-06-06 03:27:45,37.5,8.5,47.5,33.5,1218.0,94.6,27.16,Fire
2025-06-06 03:27:48,37.5,8.5,47.5,33.5,1218.0,94.6,27.16,Fire
2025-06-06 03:27:50,37.5,8.5,47.5,33.5,1218.0,94.6,27.16,Fire
2025-06-06 03:27:52,37.5,8.5,47.5,33.5,1218.0,94.6,27.16,Fire
2025-06-06 03:27:54,37.5,8.5,47.5,33.5,1218.0,94.6,27.16,Fire
2025-06-06 03:27:56,37.5,8.5,47.5,33.5,1218.0,94.6,27.16,Fire
2025-06-06 03:27:58,37.5,8.5,47.5,33.5,1218.0,94.6,27.16,Fire
2025-06-06 03:28:01,37.5,8.5,47.5,33.5,1218.0,94.6,27.16,Fire
2025-06-06 03:28:03,37.5,8.5,47.5,33.5,1218.0,94.6,27.16,Fire
2025-06-06 03:28:05,37.5,8.5,47.5,33.5,1218.0,94.6,27.16,Fire
2025-06-06 03:28:07,37.5,8.5,47.5,33.5,1218.0,94.6,27.16,Fire
2025-06-06 03:28:09,37.5,8.5,47.5,33.5,1218.0,94.6,27.16,Fire
2025-06-06 03:28:11,37.5,8.5,47.5,33.5,1218.0,94.6,27.16,Fire
2025-06-06 03:28:14,37.5,8.5,47.5,33.5,1218.0,94.6,27.16,Fire
2025-06-06 03:28:16,37.5,8.5,47.5,33.5,1218.0,94.6,27.16,Fire
2025-06-06 03:28:18,37.5,8.5,47.5,33.5,1218.0,94.6,27.16,Fire
2025-06-06 03:28:20,37.5,8.5,47.5,33.5,1218.0,94.6,27.16,Fire
2025-06-06 03:28:22,37.5,8.5,47.5,33.5,1218.0,94.6,27.16,Fire
2025-06-06 03:28:24,37.5,8.5,47.5,33.5,1218.0,94.6,27.16,Fire
2025-06-06 03:28:26,37.5,8.5,47.5,33.5,1218.0,94.6,27.16,Fire
2025-06-06 03:28:29,37.5,8.5,47.5,33.5,1218.0,94.6,27.16,Fire
2025-06-06 03:28:31,37.5,8.5,47.5,33.5,1218.0,94.6,27.16,Fire
2025-06-06 03:28:33,37.5,8.5,47.5,33.5,1218.0,94.6,27.16,Fire
2025-06-06 03:28:35,37.5,8.5,47.5,33.5,1218.0,94.6,27.16,Fire
2025-06-06 03:28:37,37.5,8.5,47.5,33.5,1218.0,94.6,27.16,Fire
2025-06-06 03:28:39,37.5,8.5,47.5,33.5,1218.0,94.6,27.16,Fire
2025-06-06 03:28:41,37.5,8.5,47.5,33.5,1218.0,94.6,27.16,Fire
2025-06-06 03:28:43,37.5,8.5,47.5,33.5,1218.0,94.6,27.16,Fire
2025-06-06 03:28:46,37.5,8.5,47.5,33.5,1218.0,94.6,27.16,Fire
2025-06-06 03:28:48,37.5,8.5,47.5,33.5,1218.0,94.6,27.16,Fire
2025-06-06 03:28:50,37.5,8.5,47.5,33.5,1218.0,94.6,27.16,Fire
2025-06-06 03:28:52,37.5,8.5,47.5,33.5,1218.0,94.6,27.16,Fire
2025-06-06 03:28:54,37.5,8.5,47.5,33.5,1218.0,94.6,27.16,Fire
2025-06-06 03:28:56,37.5,8.5,47.5,33.5,1218.0,94.6,27.16,Fire
2025-06-06 03:28:58,37.5,8.5,47.5,33.5,1218.0,94.6,27.16,Fire
2025-06-06 03:29:00,37.5,8.5,47.5,33.5,1218.0,94.6,27.16,Fire
2025-06-06 03:29:03,37.5,8.5,47.5,33.5,1218.0,94.6,27.16,Fire
2025-06-06 03:29:06,37.5,8.5,47.5,33.5,1218.0,94.6,27.16,Fire
2025-06-06 03:29:08,37.5,8.5,47.5,33.5,1218.0,94.6,27.16,Fire
2025-06-06 03:29:10,37.5,8.5,47.5,33.5,1218.0,94.6,27.16,Fire
2025-06-06 03:29:12,37.5,8.5,47.5,33.5,1218.0,94.6,27.16,Fire
2025-06-06 03:29:14,37.5,8.5,47.5,33.5,1218.0,94.6,27.16,Fire
2025-06-06 03:29:16,37.5,8.5,47.5,33.5,1218.0,94.6,27.16,Fire
2025-06-06 03:29:19,37.5,8.5,47.5,33.5,1218.0,94.6,27.16,Fire
2025-06-06 03:29:21,37.5,8.5,47.5,33.5,1218.0,94.6,27.16,Fire
2025-06-06 03:29:23,37.5,8.5,47.5,33.5,1218.0,94.6,27.16,Fire
2025-06-06 03:29:25,37.5,8.5,47.5,33.5,1218.0,94.6,27.16,Fire
2025-06-06 03:29:27,37.5,8.5,47.5,33.5,1218.0,94.6,27.16,Fire
2025-06-06 03:29:29,37.5,8.5,47.5,33.5,1218.0,94.6,27.16,Fire
2025-06-06 03:29:31,37.5,8.5,47.5,33.5,1218.0,94.6,27.16,Fire
2025-06-06 03:29:33,37.5,8.5,47.5,33.5,1218.0,94.6,27.16,Fire
2025-06-06 03:29:35,37.5,8.5,47.5,33.5,1218.0,94.6,27.16,Fire
2025-06-06 03:29:38,37.5,8.5,47.5,33.5,1218.0,94.6,27.16,Fire
2025-06-06 03:29:40,37.5,8.5,47.5,33.5,1218.0,94.6,27.16,Fire
2025-06-06 03:29:42,37.5,8.5,47.5,33.5,1218.0,94.6,27.16,Fire
2025-06-06 03:29:44,37.5,8.5,47.5,33.5,1218.0,94.6,27.16,Fire
2025-06-06 03:29:46,37.5,8.5,47.5,33.5,1218.0,94.6,27.16,Fire
2025-06-06 03:29:48,37.5,8.5,47.5,33.5,1218.0,94.6,27.16,Fire
2025-06-06 03:29:50,37.5,8.5,47.5,33.5,1218.0,94.6,27.16,Fire
2025-06-06 03:29:52,37.5,8.5,47.5,33.5,1218.0,94.6,27.16,Fire
2025-06-06 03:29:55,37.5,8.5,47.5,33.5,1218.0,94.6,27.16,Fire
2025-06-06 03:29:57,37.5,8.5,47.5,33.5,1218.0,94.6,27.16,Fire
2025-06-06 03:29:59,37.5,8.5,47.5,33.5,1218.0,94.6,27.16,Fire
2025-06-06 03:30:01,37.5,8.5,47.5,33.5,1218.0,94.6,27.16,Fire
2025-06-06 03:30:03,37.5,8.5,47.5,33.5,1218.0,94.6,27.16,Fire
2025-06-06 03:30:05,37.5,8.5,47.5,33.5,1218.0,94.6,27.16,Fire
2025-06-06 03:30:07,37.5,8.5,47.5,33.5,1218.0,94.6,27.16,Fire
2025-06-06 03:30:10,37.5,8.5,47.5,33.5,1218.0,94.6,27.16,Fire
2025-06-06 03:30:12,37.5,8.5,47.5,33.5,1218.0,94.6,27.16,Fire
2025-06-06 03:30:14,37.5,8.5,47.5,33.5,1218.0,94.6,27.16,Fire
2025-06-06 03:30:16,37.5,8.5,47.5,33.5,1218.0,94.6,27.16,Fire
2025-06-06 03:30:18,37.5,8.5,47.5,33.5,1218.0,94.6,27.16,Fire
2025-06-06 03:30:20,37.5,8.5,47.5,33.5,1218.0,94.6,27.16,Fire
2025-06-06 03:30:22,37.5,8.5,47.5,33.5,1218.0,94.6,27.16,Fire
2025-06-06 03:30:25,37.5,8.5,47.5,33.5,1218.0,94.6,27.16,Fire
2025-06-06 03:30:27,37.5,8.5,47.5,33.5,1218.0,94.6,27.16,Fire
2025-06-06 03:30:29,37.5,8.5,47.5,33.5,1218.0,94.6,27.16,Fire
2025-06-06 03:30:31,37.5,8.5,47.5,33.5,1218.0,94.6,27.16,Fire
2025-06-06 03:30:33,37.5,8.5,47.5,33.5,1218.0,94.6,27.16,Fire
2025-06-06 03:30:35,37.5,8.5,47.5,33.5,1218.0,94.6,27.16,Fire
2025-06-06 03:30:37,37.5,8.5,47.5,33.5,1218.0,94.6,27.16,Fire
2025-06-06 03:30:39,37.5,8.5,47.5,33.5,1218.0,94.6,27.16,Fire
2025-06-06 03:30:42,37.5,8.5,47.5,33.5,1218.0,94.6,27.16,Fire
2025-06-06 03:30:44,37.5,8.5,47.5,33.5,1218.0,94.6,27.16,Fire
2025-06-06 03:30:46,37.5,8.5,47.5,33.5,1218.0,94.6,27.16,Fire
2025-06-06 03:30:48,37.5,8.5,47.5,33.5,1218.0,94.6,27.16,Fire
2025-06-06 03:30:50,37.5,8.5,47.5,33.5,1218.0,94.6,27.16,Fire
2025-06-06 03:30:52,37.5,8.5,47.5,33.5,1218.0,94.6,27.16,Fire
2025-06-06 03:30:54,37.5,8.5,47.5,33.5,1218.0,94.6,27.16,Fire
2025-06-06 03:30:57,37.5,8.5,47.5,33.5,1218.0,94.6,27.16,Fire
2025-06-06 03:30:59,37.5,8.5,47.5,33.5,1218.0,94.6,27.16,Fire
2025-06-06 03:31:01,37.5,8.5,47.5,33.5,1218.0,94.6,27.16,Fire
2025-06-06 03:31:03,37.5,8.5,47.5,33.5,1218.0,94.6,27.16,Fire
2025-06-06 03:31:06,37.5,8.5,47.5,33.5,1218.0,94.6,27.16,Fire
2025-06-06 03:31:08,37.5,8.5,47.5,33.5,1218.0,94.6,27.16,Fire
2025-06-06 03:31:10,37.5,8.5,47.5,33.5,1218.0,94.6,27.16,Fire
2025-06-06 03:31:12,37.5,8.5,47.5,33.5,1218.0,94.6,27.16,Fire
2025-06-06 03:31:15,37.5,8.5,47.5,33.5,1218.0,94.6,27.16,Fire
2025-06-06 03:31:17,37.5,8.5,47.5,33.5,1218.0,94.6,27.16,Fire
2025-06-06 03:31:19,37.5,8.5,47.5,33.5,1218.0,94.6,27.16,Fire
2025-06-06 03:31:21,37.5,8.5,47.5,33.5,1218.0,94.6,27.16,Fire
2025-06-06 03:31:23,37.5,8.5,47.5,33.5,1218.0,94.6,27.16,Fire
2025-06-06 03:31:25,37.5,8.5,47.5,33.5,1218.0,94.6,27.16,Fire
2025-06-06 03:31:27,37.5,8.5,47.5,33.5,1218.0,94.6,27.16,Fire
2025-06-06 03:31:29,37.5,8.5,47.5,33.5,1218.0,94.6,27.16,Fire
2025-06-06 03:31:32,37.5,8.5,47.5,33.5,1218.0,94.6,27.16,Fire
2025-06-06 03:31:34,37.5,8.5,47.5,33.5,1218.0,94.6,27.16,Fire
2025-06-06 03:31:36,37.5,8.5,47.5,33.5,1218.0,94.6,27.16,Fire
2025-06-06 03:31:38,37.5,8.5,47.5,33.5,1218.0,94.6,27.16,Fire
2025-06-06 03:31:40,37.5,8.5,47.5,33.5,1218.0,94.6,27.16,Fire
2025-06-06 03:31:42,37.5,8.5,47.5,33.5,1218.0,94.6,27.16,Fire
2025-06-06 03:31:44,37.5,8.5,47.5,33.5,1218.0,94.6,27.16,Fire
2025-06-06 03:31:46,37.5,8.5,47.5,33.5,1218.0,94.6,27.16,Fire
2025-06-06 03:31:49,37.5,8.5,47.5,33.5,1218.0,94.6,27.16,Fire
2025-06-06 03:31:51,37.5,8.5,47.5,33.5,1218.0,94.6,27.16,Fire
2025-06-06 03:31:53,37.5,8.5,47.5,33.5,1218.0,94.6,27.16,Fire
2025-06-06 03:31:55,37.5,8.5,47.5,33.5,1218.0,94.6,27.16,Fire
2025-06-06 03:31:57,37.5,8.5,47.5,33.5,1218.0,94.6,27.16,Fire
2025-06-06 03:31:59,37.5,8.5,47.5,33.5,1218.0,94.6,27.16,Fire
2025-06-06 03:32:01,37.5,8.5,47.5,33.5,1218.0,94.6,27.16,Fire
2025-06-06 03:32:04,37.5,8.5,47.5,33.5,1218.0,94.6,27.16,Fire
2025-06-06 03:32:06,37.5,8.5,47.5,33.5,1218.0,94.6,27.16,Fire
2025-06-06 03:32:08,37.5,8.5,47.5,33.5,1218.0,94.6,27.16,Fire
2025-06-06 03:32:10,37.5,8.5,47.5,33.5,1218.0,94.6,27.16,Fire
2025-06-06 03:32:12,37.5,8.5,47.5,33.5,1218.0,94.6,27.16,Fire
2025-06-06 03:32:14,37.5,8.5,47.5,33.5,1218.0,94.6,27.16,Fire
2025-06-06 03:32:16,37.5,8.5,47.5,33.5,1218.0,94.6,27.16,Fire
2025-06-06 03:32:19,37.5,8.5,47.5,33.5,1218.0,94.6,27.16,Fire
2025-06-06 03:32:21,37.5,8.5,47.5,33.5,1218.0,94.6,27.16,Fire
2025-06-06 03:32:23,37.5,8.5,47.5,33.5,1218.0,94.6,27.16,Fire
2025-06-06 03:32:25,37.5,8.5,47.5,33.5,1218.0,94.6,27.16,Fire
2025-06-06 03:32:27,37.5,8.5,47.5,33.5,1218.0,94.6,27.16,Fire
2025-06-06 03:32:29,37.5,8.5,47.5,33.5,1218.0,94.6,27.16,Fire
2025-06-06 03:32:31,37.5,8.5,47.5,33.5,1218.0,94.6,27.16,Fire
2025-06-06 03:32:33,37.5,8.5,47.5,33.5,1218.0,94.6,27.16,Fire
2025-06-06 03:32:36,37.5,8.5,47.5,33.5,1218.0,94.6,27.16,Fire
2025-06-06 03:32:38,37.5,8.5,47.5,33.5,1218.0,94.6,27.16,Fire
2025-06-06 03:32:40,37.5,8.5,47.5,33.5,1218.0,94.6,27.16,Fire
2025-06-06 03:32:42,37.5,8.5,47.5,33.5,1218.0,94.6,27.16,Fire
2025-06-06 03:32:44,37.5,8.5,47.5,33.5,1218.0,94.6,27.16,Fire
2025-06-06 03:32:46,37.5,8.5,47.5,33.5,1218.0,94.6,27.16,Fire
2025-06-06 03:32:48,37.5,8.5,47.5,33.5,1218.0,94.6,27.16,Fire
2025-06-06 03:32:50,37.5,8.5,47.5,33.5,1218.0,94.6,27.16,Fire
2025-06-06 03:32:54,37.5,8.5,47.5,33.5,1218.0,94.6,27.16,Fire
2025-06-06 03:32:55,37.5,8.5,47.5,33.5,1218.0,94.6,27.16,Fire
2025-06-06 03:32:58,37.5,8.5,47.5,33.5,1218.0,94.6,27.16,Fire
2025-06-06 03:33:00,37.5,8.5,47.5,33.5,1218.0,94.6,27.16,Fire
2025-06-06 03:33:02,37.5,8.5,47.5,33.5,1218.0,94.6,27.16,Fire
2025-06-06 03:33:04,37.5,8.5,47.5,33.5,1218.0,94.6,27.16,Fire
2025-06-06 03:33:06,37.5,8.5,47.5,33.5,1218.0,94.6,27.16,Fire
2025-06-06 03:33:09,37.5,8.5,47.5,33.5,1218.0,94.6,27.16,Fire
2025-06-06 03:33:11,37.5,8.5,47.5,33.5,1218.0,94.6,27.16,Fire
2025-06-06 03:33:13,37.5,8.5,47.5,33.5,1218.0,94.6,27.16,Fire
2025-06-06 03:33:15,37.5,8.5,47.5,33.5,1218.0,94.6,27.16,Fire
2025-06-06 03:33:17,37.5,8.5,47.5,33.5,1218.0,94.6,27.16,Fire
2025-06-06 03:33:19,37.5,8.5,47.5,33.5,1218.0,94.6,27.16,Fire
2025-06-06 03:33:22,37.5,8.5,47.5,33.5,1218.0,94.6,27.16,Fire
2025-06-06 03:33:24,37.5,8.5,47.5,33.5,1218.0,94.6,27.16,Fire
2025-06-06 03:33:26,37.5,8.5,47.5,33.5,1218.0,94.6,27.16,Fire
2025-06-06 03:33:28,37.5,8.5,47.5,33.5,1218.0,94.6,27.16,Fire
2025-06-06 03:33:30,37.5,8.5,47.5,33.5,1218.0,94.6,27.16,Fire
2025-06-06 03:33:33,37.5,8.5,47.5,33.5,1218.0,94.6,27.16,Fire
2025-06-06 03:33:35,37.5,8.5,47.5,33.5,1218.0,94.6,27.16,Fire
2025-06-06 03:33:37,37.5,8.5,47.5,33.5,1218.0,94.6,27.16,Fire
2025-06-06 03:33:39,37.5,8.5,47.5,33.5,1218.0,94.6,27.16,Fire
2025-06-06 03:33:43,37.5,8.5,47.5,33.5,1218.0,94.6,27.16,Fire
2025-06-06 03:33:46,37.5,8.5,47.5,33.5,1218.0,94.6,27.16,Fire
2025-06-06 03:33:49,37.5,8.5,47.5,33.5,1218.0,94.6,27.16,Fire
2025-06-06 03:33:51,37.5,8.5,47.5,33.5,1218.0,94.6,27.16,Fire
2025-06-06 03:33:53,37.5,8.5,47.5,33.5,1218.0,94.6,27.16,Fire
2025-06-06 03:33:56,37.5,8.5,47.5,33.5,1218.0,94.6,27.16,Fire
2025-06-06 03:33:58,37.5,8.5,47.5,33.5,1218.0,94.6,27.16,Fire
2025-06-06 03:34:00,37.5,8.5,47.5,33.5,1218.0,94.6,27.16,Fire
2025-06-06 03:34:03,37.5,8.5,47.5,33.5,1218.0,94.6,27.16,Fire
2025-06-06 03:34:05,37.5,8.5,47.5,33.5,1218.0,94.6,27.16,Fire
2025-06-06 03:34:07,37.5,8.5,47.5,33.5,1218.0,94.6,27.16,Fire
2025-06-06 03:34:09,37.5,8.5,47.5,33.5,1218.0,94.6,27.16,Fire
2025-06-06 03:34:12,37.5,8.5,47.5,33.5,1218.0,94.6,27.16,Fire
2025-06-06 03:34:14,37.5,8.5,47.5,33.5,1218.0,94.6,27.16,Fire
2025-06-06 03:34:16,37.5,8.5,47.5,33.5,1218.0,94.6,27.16,Fire
2025-06-06 03:34:18,37.5,8.5,47.5,33.5,1218.0,94.6,27.16,Fire
2025-06-06 03:34:20,37.5,8.5,47.5,33.5,1218.0,94.6,27.16,Fire
2025-06-06 03:34:22,37.5,8.5,47.5,33.5,1218.0,94.6,27.16,Fire
2025-06-06 03:34:25,37.5,8.5,47.5,33.5,1218.0,94.6,27.16,Fire
2025-06-06 03:34:27,37.5,8.5,47.5,33.5,1218.0,94.6,27.16,Fire
2025-06-06 03:34:29,37.5,8.5,47.5,33.5,1218.0,94.6,27.16,Fire
2025-06-06 03:34:31,37.5,8.5,47.5,33.5,1218.0,94.6,27.16,Fire
2025-06-06 03:34:33,37.5,8.5,47.5,33.5,1218.0,94.6,27.16,Fire
2025-06-06 03:34:35,37.5,8.5,47.5,33.5,1218.0,94.6,27.16,Fire
2025-06-06 03:34:37,37.5,8.5,47.5,33.5,1218.0,94.6,27.16,Fire
2025-06-06 03:34:39,37.5,8.5,47.5,33.5,1218.0,94.6,27.16,Fire
2025-06-06 03:34:42,37.5,8.5,47.5,33.5,1218.0,94.6,27.16,Fire
2025-06-06 03:34:44,37.5,8.5,47.5,33.5,1218.0,94.6,27.16,Fire
2025-06-06 03:34:46,37.5,8.5,47.5,33.5,1218.0,94.6,27.16,Fire
2025-06-06 03:34:48,37.5,8.5,47.5,33.5,1218.0,94.6,27.16,Fire
2025-06-06 03:34:50,37.5,8.5,47.5,33.5,1218.0,94.6,27.16,Fire
2025-06-06 03:34:52,37.5,8.5,47.5,33.5,1218.0,94.6,27.16,Fire
2025-06-06 03:34:54,37.5,8.5,47.5,33.5,1218.0,94.6,27.16,Fire
2025-06-06 03:34:57,37.5,8.5,47.5,33.5,1218.0,94.6,27.16,Fire
2025-06-06 03:34:59,37.5,8.5,47.5,33.5,1218.0,94.6,27.16,Fire
2025-06-06 03:35:01,37.5,8.5,47.5,33.5,1218.0,94.6,27.16,Fire
2025-06-06 03:35:03,37.5,8.5,47.5,33.5,1218.0,94.6,27.16,Fire
2025-06-06 03:35:05,37.5,8.5,47.5,33.5,1218.0,94.6,27.16,Fire
2025-06-06 03:35:07,37.5,8.5,47.5,33.5,1218.0,94.6,27.16,Fire
2025-06-06 03:35:10,37.5,8.5,47.5,33.5,1218.0,94.6,27.16,Fire
2025-06-06 03:35:12,37.5,8.5,47.5,33.5,1218.0,94.6,27.16,Fire
2025-06-06 03:35:14,37.5,8.5,47.5,33.5,1218.0,94.6,27.16,Fire
2025-06-06 03:35:16,37.5,8.5,47.5,33.5,1218.0,94.6,27.16,Fire
2025-06-06 03:35:18,37.5,8.5,47.5,33.5,1218.0,94.6,27.16,Fire
2025-06-06 03:35:21,37.5,8.5,47.5,33.5,1218.0,94.6,27.16,Fire
2025-06-06 03:35:23,37.5,8.5,47.5,33.5,1218.0,94.6,27.16,Fire
2025-06-06 03:35:25,37.5,8.5,47.5,33.5,1218.0,94.6,27.16,Fire
2025-06-06 03:35:27,37.5,8.5,47.5,33.5,1218.0,94.6,27.16,Fire
2025-06-06 03:35:29,37.5,8.5,47.5,33.5,1218.0,94.6,27.16,Fire
2025-06-06 03:35:31,37.5,8.5,47.5,33.5,1218.0,94.6,27.16,Fire
2025-06-06 03:35:34,37.5,8.5,47.5,33.5,1218.0,94.6,27.16,Fire
2025-06-06 03:35:36,37.5,8.5,47.5,33.5,1218.0,94.6,27.16,Fire
2025-06-06 03:35:38,37.5,8.5,47.5,33.5,1218.0,94.6,27.16,Fire
2025-06-06 03:35:40,37.5,8.5,47.5,33.5,1218.0,94.6,27.16,Fire
2025-06-06 03:35:42,37.5,8.5,47.5,33.5,1218.0,94.6,27.16,Fire
2025-06-06 03:35:44,37.5,8.5,47.5,33.5,1218.0,94.6,27.16,Fire
2025-06-06 03:35:46,37.5,8.5,47.5,33.5,1218.0,94.6,27.16,Fire
2025-06-06 03:35:49,37.5,8.5,47.5,33.5,1218.0,94.6,27.16,Fire
2025-06-06 03:35:51,37.5,8.5,47.5,33.5,1218.0,94.6,27.16,Fire
2025-06-06 03:35:53,37.5,8.5,47.5,33.5,1218.0,94.6,27.16,Fire
2025-06-06 03:35:55,37.5,8.5,47.5,33.5,1218.0,94.6,27.16,Fire
2025-06-06 03:35:57,37.5,8.5,47.5,33.5,1218.0,94.6,27.16,Fire
2025-06-06 03:35:59,37.5,8.5,47.5,33.5,1218.0,94.6,27.16,Fire
2025-06-06 03:36:01,37.5,8.5,47.5,33.5,1218.0,94.6,27.16,Fire
2025-06-06 03:36:04,37.5,8.5,47.5,33.5,1218.0,94.6,27.16,Fire
2025-06-06 03:36:06,37.5,8.5,47.5,33.5,1218.0,94.6,27.16,Fire
2025-06-06 03:36:08,37.5,8.5,47.5,33.5,1218.0,94.6,27.16,Fire
2025-06-06 03:36:10,37.5,8.5,47.5,33.5,1218.0,94.6,27.16,Fire
2025-06-06 03:36:13,37.5,8.5,47.5,33.5,1218.0,94.6,27.16,Fire
2025-06-06 03:36:15,37.5,8.5,47.5,33.5,1218.0,94.6,27.16,Fire
2025-06-06 03:36:17,37.5,8.5,47.5,33.5,1218.0,94.6,27.16,Fire
2025-06-06 03:36:19,37.5,8.5,47.5,33.5,1218.0,94.6,27.16,Fire
2025-06-06 03:36:21,37.5,8.5,47.5,33.5,1218.0,94.6,27.16,Fire
2025-06-06 03:36:23,37.5,8.5,47.5,33.5,1218.0,94.6,27.16,Fire
2025-06-06 03:36:25,37.5,8.5,47.5,33.5,1218.0,94.6,27.16,Fire
2025-06-06 03:36:28,37.5,8.5,47.5,33.5,1218.0,94.6,27.16,Fire
2025-06-06 03:36:30,37.5,8.5,47.5,33.5,1218.0,94.6,27.16,Fire
2025-06-06 03:36:32,37.5,8.5,47.5,33.5,1218.0,94.6,27.16,Fire
2025-06-06 03:36:34,37.5,8.5,47.5,33.5,1218.0,94.6,27.16,Fire
2025-06-06 03:36:36,37.5,8.5,47.5,33.5,1218.0,94.6,27.16,Fire
2025-06-06 03:36:38,37.5,8.5,47.5,33.5,1218.0,94.6,27.16,Fire
2025-06-06 03:36:41,37.5,8.5,47.5,33.5,1218.0,94.6,27.16,Fire
2025-06-06 03:36:43,37.5,8.5,47.5,33.5,1218.0,94.6,27.16,Fire
2025-06-06 03:36:45,37.5,8.5,47.5,33.5,1218.0,94.6,27.16,Fire
2025-06-06 03:36:47,37.5,8.5,47.5,33.5,1218.0,94.6,27.16,Fire
2025-06-06 03:36:49,37.5,8.5,47.5,33.5,1218.0,94.6,27.16,Fire
2025-06-06 03:36:51,37.5,8.5,47.5,33.5,1218.0,94.6,27.16,Fire
2025-06-06 03:36:53,37.5,8.5,47.5,33.5,1218.0,94.6,27.16,Fire
2025-06-06 03:36:56,37.5,8.5,47.5,33.5,1218.0,94.6,27.16,Fire
2025-06-06 03:36:58,37.5,8.5,47.5,33.5,1218.0,94.6,27.16,Fire
2025-06-06 03:37:00,37.5,8.5,47.5,33.5,1218.0,94.6,27.16,Fire
2025-06-06 03:37:02,37.5,8.5,47.5,33.5,1218.0,94.6,27.16,Fire
2025-06-06 03:37:04,37.5,8.5,47.5,33.5,1218.0,94.6,27.16,Fire
2025-06-06 03:37:06,37.5,8.5,47.5,33.5,1218.0,94.6,27.16,Fire
2025-06-06 03:37:08,37.5,8.5,47.5,33.5,1218.0,94.6,27.16,Fire
2025-06-06 03:37:11,37.5,8.5,47.5,33.5,1218.0,94.6,27.16,Fire
2025-06-06 03:37:13,37.5,8.5,47.5,33.5,1218.0,94.6,27.16,Fire
2025-06-06 03:37:15,37.5,8.5,47.5,33.5,1218.0,94.6,27.16,Fire
2025-06-06 03:37:17,37.5,8.5,47.5,33.5,1218.0,94.6,27.16,Fire
2025-06-06 03:37:19,37.5,8.5,47.5,33.5,1218.0,94.6,27.16,Fire
2025-06-06 03:37:21,37.5,8.5,47.5,33.5,1218.0,94.6,27.16,Fire
2025-06-06 03:37:23,37.5,8.5,47.5,33.5,1218.0,94.6,27.16,Fire
2025-06-06 03:37:25,37.5,8.5,47.5,33.5,1218.0,94.6,27.16,Fire
2025-06-06 03:37:28,37.5,8.5,47.5,33.5,1218.0,94.6,27.16,Fire
2025-06-06 03:37:30,37.5,8.5,47.5,33.5,1218.0,94.6,27.16,Fire
2025-06-06 03:37:32,37.5,8.5,47.5,33.5,1218.0,94.6,27.16,Fire
2025-06-06 03:37:34,37.5,8.5,47.5,33.5,1218.0,94.6,27.16,Fire
2025-06-06 03:37:36,37.5,8.5,47.5,33.5,1218.0,94.6,27.16,Fire
2025-06-06 03:37:38,37.5,8.5,47.5,33.5,1218.0,94.6,27.16,Fire
2025-06-06 03:37:40,37.5,8.5,47.5,33.5,1218.0,94.6,27.16,Fire
2025-06-06 03:37:43,37.5,8.5,47.5,33.5,1218.0,94.6,27.16,Fire
2025-06-06 03:37:46,37.5,8.5,47.5,33.5,1218.0,94.6,27.16,Fire
2025-06-06 03:37:48,37.5,8.5,47.5,33.5,1218.0,94.6,27.16,Fire
2025-06-06 03:37:50,37.5,8.5,47.5,33.5,1218.0,94.6,27.16,Fire
2025-06-06 03:37:52,37.5,8.5,47.5,33.5,1218.0,94.6,27.16,Fire
2025-06-06 03:37:53,37.5,8.5,47.5,33.5,1218.0,94.6,27.16,Fire
2025-06-06 03:37:56,37.5,8.5,47.5,33.5,1218.0,94.6,27.16,Fire
2025-06-06 03:37:58,37.5,8.5,47.5,33.5,1218.0,94.6,27.16,Fire
2025-06-06 03:38:00,37.5,8.5,47.5,33.5,1218.0,94.6,27.16,Fire
2025-06-06 03:38:02,37.5,8.5,47.5,33.5,1218.0,94.6,27.16,Fire
2025-06-06 03:38:04,37.5,8.5,47.5,33.5,1218.0,94.6,27.16,Fire
2025-06-06 03:38:06,37.5,8.5,47.5,33.5,1218.0,94.6,27.16,Fire
2025-06-06 03:38:10,37.5,8.5,47.5,33.5,1218.0,94.6,27.16,Fire
2025-06-06 03:38:11,37.5,8.5,47.5,33.5,1218.0,94.6,27.16,Fire
2025-06-06 03:38:13,37.5,8.5,47.5,33.5,1218.0,94.6,27.16,Fire
2025-06-06 03:38:15,37.5,8.5,47.5,33.5,1218.0,94.6,27.16,Fire
2025-06-06 03:38:17,37.5,8.5,47.5,33.5,1218.0,94.6,27.16,Fire
2025-06-06 03:38:20,37.5,8.5,47.5,33.5,1218.0,94.6,27.16,Fire
2025-06-06 03:38:23,37.5,8.5,47.5,33.5,1218.0,94.6,27.16,Fire
2025-06-06 03:38:25,37.5,8.5,47.5,33.5,1218.0,94.6,27.16,Fire
2025-06-06 03:38:27,37.5,8.5,47.5,33.5,1218.0,94.6,27.16,Fire
2025-06-06 03:38:30,37.5,8.5,47.5,33.5,1218.0,94.6,27.16,Fire
2025-06-06 03:38:32,37.5,8.5,47.5,33.5,1218.0,94.6,27.16,Fire
2025-06-06 03:38:34,37.5,8.5,47.5,33.5,1218.0,94.6,27.16,Fire
2025-06-06 03:38:36,37.5,8.5,47.5,33.5,1218.0,94.6,27.16,Fire
2025-06-06 03:38:38,37.5,8.5,47.5,33.5,1218.0,94.6,27.16,Fire
2025-06-06 03:38:40,37.5,8.5,47.5,33.5,1218.0,94.6,27.16,Fire
2025-06-06 03:38:42,37.5,8.5,47.5,33.5,1218.0,94.6,27.16,Fire
2025-06-06 03:38:44,37.5,8.5,47.5,33.5,1218.0,94.6,27.16,Fire
2025-06-06 03:38:47,37.5,8.5,47.5,33.5,1218.0,94.6,27.16,Fire
2025-06-06 03:38:49,37.5,8.5,47.5,33.5,1218.0,94.6,27.16,Fire
2025-06-06 03:38:51,37.5,8.5,47.5,33.5,1218.0,94.6,27.16,Fire
2025-06-06 03:38:54,37.5,8.5,47.5,33.5,1218.0,94.6,27.16,Fire
2025-06-06 03:38:56,37.5,8.5,47.5,33.5,1218.0,94.6,27.16,Fire
2025-06-06 03:38:58,37.5,8.5,47.5,33.5,1218.0,94.6,27.16,Fire
2025-06-06 03:39:01,37.5,8.5,47.5,33.5,1218.0,94.6,27.16,Fire
2025-06-06 03:39:03,37.5,8.5,47.5,33.5,1218.0,94.6,27.16,Fire
2025-06-06 03:39:05,37.5,8.5,47.5,33.5,1218.0,94.6,27.16,Fire
2025-06-06 03:39:07,37.5,8.5,47.5,33.5,1218.0,94.6,27.16,Fire
2025-06-06 03:39:10,37.5,8.5,47.5,33.5,1218.0,94.6,27.16,Fire
2025-06-06 03:39:13,37.5,8.5,47.5,33.5,1218.0,94.6,27.16,Fire
2025-06-06 03:39:15,37.5,8.5,47.5,33.5,1218.0,94.6,27.16,Fire
2025-06-06 03:39:18,37.5,8.5,47.5,33.5,1218.0,94.6,27.16,Fire
2025-06-06 03:39:20,37.5,8.5,47.5,33.5,1218.0,94.6,27.16,Fire
2025-06-06 03:39:22,37.5,8.5,47.5,33.5,1218.0,94.6,27.16,Fire
2025-06-06 03:39:24,37.5,8.5,47.5,33.5,1218.0,94.6,27.16,Fire
2025-06-06 03:39:26,37.5,8.5,47.5,33.5,1218.0,94.6,27.16,Fire
2025-06-06 03:39:29,37.5,8.5,47.5,33.5,1218.0,94.6,27.16,Fire
2025-06-06 03:39:32,37.5,8.5,47.5,33.5,1218.0,94.6,27.16,Fire
2025-06-06 03:39:34,37.5,8.5,47.5,33.5,1218.0,94.6,27.16,Fire
2025-06-06 03:39:36,37.5,8.5,47.5,33.5,1218.0,94.6,27.16,Fire
2025-06-06 03:39:39,37.5,8.5,47.5,33.5,1218.0,94.6,27.16,Fire
2025-06-06 03:39:42,37.5,8.5,47.5,33.5,1218.0,94.6,27.16,Fire
2025-06-06 03:39:44,37.5,8.5,47.5,33.5,1218.0,94.6,27.16,Fire
2025-06-06 03:39:47,37.5,8.5,47.5,33.5,1218.0,94.6,27.16,Fire
2025-06-06 03:41:33,37.5,8.5,47.5,33.5,1218.0,69.19,27.16,Fire
2025-06-06 03:41:35,37.5,8.5,47.5,33.5,1218.0,69.19,27.16,Fire
2025-06-06 03:41:38,37.5,8.5,47.5,33.5,1218.0,69.19,27.16,Fire
2025-06-06 03:41:40,37.5,8.5,47.5,33.5,1218.0,69.19,27.16,Fire
2025-06-06 03:41:42,37.5,8.5,47.5,33.5,1218.0,69.19,27.16,Fire
2025-06-06 03:41:44,37.5,8.5,47.5,33.5,1218.0,69.19,27.16,Fire
2025-06-06 03:41:46,37.5,8.5,47.5,33.5,1218.0,69.19,27.16,Fire
2025-06-06 03:41:48,37.5,8.5,47.5,33.5,1218.0,69.19,27.16,Fire
2025-06-06 03:41:50,37.5,8.5,47.5,33.5,1218.0,69.19,27.16,Fire
2025-06-06 03:41:53,37.5,8.5,47.5,33.5,1218.0,69.19,27.16,Fire
2025-06-06 03:41:55,37.5,8.5,47.5,33.5,1218.0,69.19,27.16,Fire
2025-06-06 03:41:57,37.5,8.5,47.5,33.5,1218.0,69.19,27.16,Fire
2025-06-06 03:41:59,37.5,8.5,47.5,33.5,966.0,69.19,27.16,Safe
2025-06-06 03:42:01,37.5,8.5,47.5,33.5,966.0,0.0,27.16,Safe
2025-06-06 03:42:03,37.5,8.5,47.5,33.5,966.0,0.0,27.16,Safe
2025-06-06 03:42:05,37.5,8.5,47.5,33.5,966.0,0.0,27.16,Safe
2025-06-06 03:42:07,37.5,8.5,47.5,33.5,966.0,0.0,0.0,Safe
2025-06-06 03:42:10,37.5,8.5,47.5,33.5,782.0,0.0,0.0,Safe
2025-06-06 03:42:12,37.5,8.5,57.5,33.5,1357.0,0.0,0.0,Fire
2025-06-06 03:42:14,37.5,8.5,57.5,33.5,1357.0,0.0,0.0,Fire
2025-06-06 03:42:16,37.5,0.0,57.5,33.5,1357.0,0.0,0.0,Fire
2025-06-06 03:42:18,37.5,0.0,57.5,23.5,1357.0,0.0,0.0,Fire
2025-06-06 03:42:20,37.5,0.0,57.5,23.5,1357.0,0.0,0.0,Fire
2025-06-06 03:42:22,37.5,0.0,57.5,23.5,1357.0,0.0,0.0,Fire
2025-06-06 03:42:24,47.5,0.0,57.5,23.5,1357.0,0.0,0.0,Fire
2025-06-06 03:42:27,37.5,0.0,57.5,23.5,1357.0,0.0,0.0,Fire
2025-06-06 03:42:29,37.5,0.0,57.5,23.5,1357.0,0.0,0.0,Fire
2025-06-06 03:42:31,37.5,0.0,57.5,23.5,1357.0,0.0,0.0,Fire
2025-06-06 03:42:33,37.5,0.0,57.5,23.5,1357.0,0.0,0.0,Fire
2025-06-06 03:42:35,37.5,0.0,57.5,8.5,1357.0,0.0,0.0,Fire
2025-06-06 03:42:37,37.5,0.0,57.5,8.5,1357.0,0.0,0.0,Fire
2025-06-06 03:42:41,37.5,0.0,57.5,18.5,1357.0,0.0,0.0,Fire
2025-06-06 03:42:43,37.5,0.0,57.5,38.5,1357.0,230.48,0.0,Fire
2025-06-06 03:42:45,37.5,0.0,57.5,38.5,1357.0,148.37,0.0,Fire
2025-06-06 03:42:47,17.5,0.0,57.5,38.5,1357.0,148.37,0.0,Fire
2025-06-06 03:42:49,17.5,0.0,57.5,38.5,1357.0,148.37,0.0,Fire
2025-06-06 03:42:53,17.5,25.0,57.5,38.5,1357.0,148.37,0.0,Fire
2025-06-06 03:42:55,17.5,35.0,57.5,38.5,1357.0,45.73,0.0,Fire
2025-06-06 03:42:57,17.5,35.0,57.5,38.5,1357.0,0.0,0.0,Fire
2025-06-06 03:43:00,17.5,35.0,57.5,38.5,1357.0,0.0,0.0,Fire
2025-06-06 03:43:02,17.5,35.0,57.5,38.5,1357.0,0.0,0.0,Fire
2025-06-06 03:43:04,17.5,35.0,57.5,38.5,930.0,0.0,0.0,Fire
2025-06-06 03:43:06,17.5,35.0,57.5,38.5,930.0,0.0,0.0,Fire
2025-06-06 03:43:08,17.5,35.0,57.5,38.5,930.0,0.0,0.0,Fire
2025-06-06 03:43:10,17.5,60.0,57.5,38.5,930.0,0.0,0.0,Fire
2025-06-06 03:43:13,17.5,60.0,57.5,48.5,930.0,0.0,0.0,Fire
2025-06-06 03:43:15,17.5,60.0,57.5,63.5,930.0,0.0,0.0,Fire
2025-06-06 03:43:17,17.5,60.0,57.5,63.5,930.0,0.0,0.0,Fire
2025-06-06 03:43:19,17.5,60.0,57.5,63.5,930.0,0.0,0.0,Fire
2025-06-06 03:43:21,17.5,60.0,22.5,63.5,930.0,0.0,0.0,Safe
2025-06-06 03:43:23,17.5,60.0,22.5,63.5,683.0,0.0,0.0,Safe
2025-06-06 03:43:25,17.5,60.0,22.5,63.5,683.0,0.0,0.0,Safe
2025-06-06 03:43:27,17.5,60.0,22.5,63.5,683.0,0.0,0.0,Safe
2025-06-06 03:43:30,17.5,60.0,22.5,63.5,683.0,0.0,0.0,Safe
2025-06-06 03:43:32,17.5,60.0,22.5,63.5,683.0,0.0,0.0,Safe
2025-06-06 03:43:34,17.5,60.0,22.5,63.5,683.0,0.0,0.0,Safe
2025-06-06 03:43:36,17.5,60.0,22.5,63.5,683.0,0.0,0.0,Safe
2025-06-06 03:43:38,17.5,60.0,22.5,63.5,683.0,0.0,0.0,Safe
2025-06-06 03:43:40,17.5,60.0,22.5,63.5,683.0,0.0,0.0,Safe
2025-06-06 03:43:42,17.5,60.0,22.5,63.5,683.0,0.0,0.0,Safe
2025-06-06 03:43:44,17.5,60.0,22.5,63.5,683.0,0.0,0.0,Safe
2025-06-06 03:43:48,17.5,60.0,22.5,63.5,683.0,0.0,0.0,Safe
2025-06-06 03:43:50,17.5,60.0,22.5,63.5,683.0,0.0,0.0,Safe
2025-06-06 03:43:52,17.5,60.0,22.5,63.5,683.0,0.0,0.0,Safe
2025-06-06 03:43:54,17.5,60.0,22.5,63.5,683.0,0.0,0.0,Safe
2025-06-06 03:43:56,17.5,60.0,22.5,63.5,683.0,0.0,0.0,Safe
2025-06-06 03:43:58,17.5,60.0,22.5,63.5,683.0,0.0,0.0,Safe
2025-06-06 03:44:00,17.5,60.0,22.5,63.5,683.0,0.0,0.0,Safe
2025-06-06 03:44:02,17.5,60.0,22.5,63.5,683.0,0.0,0.0,Safe
2025-06-06 03:44:05,17.5,60.0,22.5,63.5,683.0,0.0,0.0,Safe
2025-06-06 03:44:07,17.5,60.0,22.5,63.5,683.0,0.0,0.0,Safe
2025-06-06 03:44:09,17.5,60.0,22.5,63.5,683.0,0.0,0.0,Safe
2025-06-06 03:44:11,17.5,60.0,22.5,63.5,683.0,0.0,0.0,Safe
2025-06-06 03:44:13,17.5,60.0,22.5,63.5,683.0,0.0,0.0,Safe
2025-06-06 03:44:15,17.5,60.0,22.5,63.5,683.0,0.0,0.0,Safe
2025-06-06 03:44:17,17.5,60.0,22.5,63.5,683.0,0.0,0.0,Safe
2025-06-06 03:44:19,17.5,60.0,22.5,63.5,683.0,0.0,0.0,Safe
2025-06-06 03:44:22,17.5,60.0,22.5,63.5,683.0,0.0,0.0,Safe
2025-06-06 03:44:24,17.5,60.0,22.5,63.5,683.0,0.0,0.0,Safe
2025-06-06 03:44:26,17.5,60.0,22.5,63.5,683.0,0.0,0.0,Safe
2025-06-06 03:44:29,17.5,60.0,22.5,63.5,683.0,0.0,0.0,Safe
2025-06-06 03:44:32,17.5,60.0,22.5,63.5,683.0,0.0,0.0,Safe
2025-06-06 03:44:34,17.5,60.0,22.5,63.5,683.0,0.0,0.0,Safe
2025-06-06 03:44:36,17.5,60.0,22.5,63.5,683.0,0.0,0.0,Safe
2025-06-06 03:44:38,17.5,60.0,22.5,63.5,683.0,0.0,0.0,Safe
2025-06-06 03:44:41,17.5,60.0,22.5,63.5,683.0,0.0,0.0,Safe
2025-06-06 03:44:43,17.5,60.0,22.5,63.5,683.0,0.0,0.0,Safe
2025-06-06 03:44:45,17.5,60.0,22.5,63.5,683.0,0.0,0.0,Safe
2025-06-06 03:44:47,17.5,60.0,22.5,63.5,683.0,0.0,0.0,Safe
2025-06-06 03:44:49,17.5,60.0,22.5,63.5,683.0,0.0,0.0,Safe
2025-06-06 03:44:51,17.5,60.0,22.5,63.5,683.0,0.0,0.0,Safe
2025-06-06 03:44:53,17.5,60.0,22.5,63.5,683.0,0.0,0.0,Safe
2025-06-06 03:44:56,17.5,60.0,22.5,63.5,683.0,0.0,0.0,Safe
2025-06-06 03:44:58,17.5,60.0,22.5,63.5,683.0,0.0,0.0,Safe
2025-06-06 03:45:00,17.5,60.0,22.5,63.5,683.0,0.0,0.0,Safe
2025-06-06 03:45:02,17.5,60.0,22.5,63.5,683.0,0.0,0.0,Safe
2025-06-06 03:45:04,17.5,60.0,22.5,63.5,683.0,0.0,0.0,Safe
2025-06-06 03:45:06,17.5,60.0,22.5,63.5,683.0,0.0,0.0,Safe
2025-06-06 03:45:09,17.5,60.0,22.5,63.5,683.0,0.0,0.0,Safe
2025-06-06 03:45:11,17.5,60.0,22.5,63.5,683.0,0.0,0.0,Safe
2025-06-06 03:45:13,17.5,60.0,22.5,63.5,683.0,0.0,0.0,Safe
2025-06-06 03:45:15,17.5,60.0,22.5,63.5,683.0,0.0,0.0,Safe
2025-06-06 03:45:17,17.5,60.0,22.5,63.5,683.0,0.0,0.0,Safe
2025-06-06 03:45:19,17.5,60.0,22.5,63.5,683.0,0.0,0.0,Safe
2025-06-06 03:45:21,17.5,60.0,22.5,63.5,683.0,0.0,0.0,Safe
2025-06-06 03:45:24,17.5,60.0,22.5,63.5,683.0,0.0,0.0,Safe
2025-06-06 03:45:26,17.5,60.0,22.5,63.5,683.0,0.0,0.0,Safe
2025-06-06 03:45:28,17.5,60.0,22.5,63.5,683.0,0.0,0.0,Safe
